{
  "MI_b_0": -1.0622250950337662,
  "MI_b_1": -0.8789283255768763,
  "MI_b_2": 3.0599096017088203,
  "MI_b_3": -1.285576319474175,
  "MI_b_4": -0.255100410428076,
  "MI_b_5": -0.5535368004801267,
  "MI_b_6": 7.558983658698586,
  "MI_b_7": 0.07110322552772569,
  "MI_b_8": 0.2590192741152075,
  "MI_b_9": -0.07886432386304608,
  "MI_w_0r": 5.3129601453575965,
  "MI_w_0i": 6.89330400075596,
  "MI_w_1r": 4.076189414869148,
  "MI_w_1i": 4.72169072366533,
  "MI_w_2r": 2.2345575394656794,
  "MI_w_2i": 1.5674140496474243,
  "MI_w_3r": 3.1181489763446524,
  "MI_w_3i": 2.5713070284633615,
  "MI_w_4r": 5.664131964810804,
  "MI_w_4i": 7.217921257894127,
  "MI_w_5r": -2.5927805257104555,
  "MI_w_5i": 5.731281787333332,
  "MI_w_6r": 0.6947219631515521,
  "MI_w_6i": -1.3812766994545103,
  "MI_w_7r": -8.411867876040107,
  "MI_w_7i": 6.974832219369253,
  "MI_w_8r": 4.313161954304356,
  "MI_w_8i": 2.171071429023437,
  "MI_w_9r": 8.808426082864889,
  "MI_w_9i": 5.556405458272451,
  "A->MI.DMI->B.C_total_0r": 1.0,
  "A->MI.DMI->B.C_total_0i": 0.0,
  "A->MI.D_g_ls_0r": 1.0,
  "A->MI.D_g_ls_0i": 0.0,
  "MI->B.C_g_ls_0r": 1.0,
  "MI->B.C_g_ls_0i": 0.0
}
